booking,flight,airline
ABC123,AC987,AirCanada
XYZ234,AA123,AmericanAirlines
DEF456,DL456,Delta
GHI789,UA789,UnitedAirlines
JKL321,SW321,Southwest
MNO654,B6654,JetBlue
PQR987,VB789,VirginAtlantic
STU123,UA987,UnitedAirlines
VWX456,AA456,AmericanAirlines
YZA789,DL789,Delta
BCD321,WN321,Southwest
EFG654,B6654,JetBlue
HIJ987,VB987,VirginAtlantic
KLM321,UA123,UnitedAirlines
NOP654,AA654,AmericanAirlines
QRS987,DL987,Delta
TUV321,WN321,Southwest
XYZ456,B6654,JetBlue
ABC789,VB987,VirginAtlantic
DEF123,UA123,UnitedAirlines
GHI456,AA654,AmericanAirlines
JKL789,DL987,Delta
MNO123,WN321,Southwest
PQR456,B6654,JetBlue
STU789,VB987,VirginAtlantic
VWX123,UA123,UnitedAirlines
YZA456,AA654,AmericanAirlines
BCD789,DL987,Delta
EFG123,WN321,Southwest
HIJ456,B6654,JetBlue
KLM789,VB987,VirginAtlantic
NOP123,UA123,UnitedAirlines
QRS456,AA654,AmericanAirlines
TUV789,DL987,Delta
XYZ123,WN321,Southwest
ABC456,B6654,JetBlue
DEF789,VB987,VirginAtlantic
GHI123,UA123,UnitedAirlines
JKL456,AA654,AmericanAirlines
MNO789,DL987,Delta
PQR123,WN321,Southwest
STU456,B6654,JetBlue
VWX789,VB987,VirginAtlantic
YZA123,UA123,UnitedAirlines
BCD456,AA654,AmericanAirlines
EFG789,DL987,Delta
HIJ123,WN321,Southwest
KLM456,B6654,JetBlue
NOP789,VB987,VirginAtlantic
QRS123,UA123,UnitedAirlines
TUV456,AA654,AmericanAirlines
XYZ789,DL987,Delta
ABC123,WN321,Southwest
DEF456,B6654,JetBlue
GHI789,VB987,VirginAtlantic
JKL123,UA123,UnitedAirlines
MNO456,AA654,AmericanAirlines
PQR789,DL987,Delta
STU123,WN321,Southwest
VWX456,B6654,JetBlue
YZA789,VB987,VirginAtlantic
BCD123,UA123,UnitedAirlines
EFG456,AA654,AmericanAirlines
HIJ789,DL987,Delta
KLM123,WN321,Southwest
NOP456,B6654,JetBlue
QRS789,VB987,VirginAtlantic
TUV123,UA123,UnitedAirlines
XYZ456,AA654,AmericanAirlines
ABC789,DL987,Delta
DEF123,WN321,Southwest
GHI456,B6654,JetBlue
JKL789,VB987,VirginAtlantic
MNO123,UA123,UnitedAirlines
PQR456,AA654,AmericanAirlines
STU789,DL987,Delta
VWX123,WN321,Southwest
YZA456,B6654,JetBlue
BCD789,VB987,VirginAtlantic
EFG123,UA123,UnitedAirlines
HIJ456,AA654,AmericanAirlines
KLM789,DL987,Delta
NOP123,WN321,Southwest
QRS456,B6654,JetBlue
TUV789,VB987,VirginAtlantic
XYZ123,UA123,UnitedAirlines
ABC456,AA654,AmericanAirlines
DEF789,DL987,Delta
GHI123,WN321,Southwest
JKL456,B6654,JetBlue
MNO789,VB987,VirginAtlantic
PQR123,UA123,UnitedAirlines
STU456,AA654,AmericanAirlines
VWX789,DL987,Delta
YZA123,WN321,Southwest
BCD456,B6654,JetBlue
EFG789,VB987,VirginAtlantic
HIJ123,UA123,UnitedAirlines
KLM456,AA654,AmericanAirlines
NOP789,DL987,Delta
QRS123,WN321,Southwest
TUV456,B6654,JetBlue
XYZ789,VB987,VirginAtlantic
ABC123,UA123,UnitedAirlines
DEF456,AA654,AmericanAirlines
GHI789,DL987,Delta
JKL123,WN321,Southwest
MNO456,B6654,JetBlue
PQR789,VB987,VirginAtlantic
STU123,UA123,UnitedAirlines
VWX456,AA654,AmericanAirlines
YZA789,DL987,Delta
BCD123,WN321,Southwest
EFG456,B6654,JetBlue
HIJ789,VB987,VirginAtlantic
KLM123,UA123,UnitedAirlines
NOP456,AA654,AmericanAirlines
QRS789,DL987,Delta
TUV123,WN321,Southwest
XYZ456,B6654,JetBlue
ABC789,VB987,VirginAtlantic
DEF123,UA123,UnitedAirlines
GHI456,AA654,AmericanAirlines
JKL789,DL987,Delta
MNO123,WN321,Southwest
PQR456,B6654,JetBlue
STU789,VB987,VirginAtlantic
VWX123,UA123,UnitedAirlines
YZA456,AA654,AmericanAirlines
BCD789,DL987,Delta
EFG123,WN321,Southwest
HIJ456,B6654,JetBlue
KLM789,VB987,VirginAtlantic
NOP123,UA123,UnitedAirlines
QRS456,AA654,AmericanAirlines
TUV789,DL987,Delta
XYZ123,WN321,Southwest
ABC456,B6654,JetBlue
DEF789,VB987,VirginAtlantic
GHI123,UA123,UnitedAirlines
JKL456,AA654,AmericanAirlines
MNO789,DL987,Delta
PQR123,WN321,Southwest
STU456,B6654,JetBlue
VWX789,VB987,VirginAtlantic
YZA123,UA123,UnitedAirlines
BCD456,AA654,AmericanAirlines
EFG789,DL987,Delta
HIJ123,WN321,Southwest
KLM456,B6654,JetBlue
NOP789,VB987,VirginAtlantic
QRS123,UA123,UnitedAirlines
TUV456,AA654,AmericanAirlines
XYZ789,DL987,Delta
ABC123,WN321,Southwest
DEF456,B6654,JetBlue
GHI789,VB987,VirginAtlantic
JKL123,UA123,UnitedAirlines
MNO456,AA654,AmericanAirlines
PQR789,DL987,Delta
STU123,WN321,Southwest
VWX456,B6654,JetBlue
YZA789,VB987,VirginAtlantic
BCD123,UA123,UnitedAirlines
EFG456,AA654,AmericanAirlines
HIJ789,DL987,Delta
KLM123,WN321,Southwest
NOP456,B6654,JetBlue
QRS789,VB987,VirginAtlantic
TUV123,UA123,UnitedAirlines
XYZ456,AA654,AmericanAirlines
ABC789,DL987,Delta
DEF123,WN321,Southwest
GHI456,B6654,JetBlue
JKL789,VB987,VirginAtlantic
MNO123,UA123,UnitedAirlines
PQR456,AA654,AmericanAirlines
STU789,DL987,Delta
VWX123,WN321,Southwest
YZA456,B6654,JetBlue
BCD789,VB987,VirginAtlantic
EFG123,UA123,UnitedAirlines
HIJ456,AA654,AmericanAirlines
KLM789,DL987,Delta
NOP123,WN321,Southwest
QRS456,B6654,JetBlue
TUV789,VB987,VirginAtlantic
XYZ123,UA123,UnitedAirlines
ABC456,AA654,AmericanAirlines
DEF789,DL987,Delta
GHI123,WN321,Southwest
JKL456,B6654,JetBlue
MNO789,VB987,VirginAtlantic
PQR123,UA123,UnitedAirlines
STU456,AA654,AmericanAirlines
VWX789,DL987,Delta
YZA123,WN321,Southwest
BCD456,B6654,JetBlue
EFG789,VB987,VirginAtlantic
HIJ123,UA123,UnitedAirlines
KLM456,AA654,AmericanAirlines
NOP789,DL987,Delta
QRS123,WN321,Southwest
TUV456,B6654,JetBlue
XYZ789,VB987,VirginAtlantic